Id;Label;Genres;Netflix_original;Nombre_occurrence
318960;Tonnerre de feu;Films policiers,Policiers d'action,Films d'action;False;1
60026139;Les larmes du soleil;Films sur l'armée,Films d'action;False;1
70101535;Les Proscrits;Suédois,Films inspirés d'une pièce de théâtre,Drames,Films romantiques,Films d'époque;False;1
70140358;Arrested Development;Sitcoms,Séries comiques,Séries US;True;1
70158330;Star Trek: Deep Space Nine;Séries SF,Séries d'action et d'aventure,Séries US;False;2
70171946;Heartland;Séries dramatiques,Séries pour la famille à voir ensemble,Canadien,Séries inspirées de livres;False;1
70172485;Victorious;Pour enfants,Sitcoms,Séries comiques;False;1
70173047;Premium Rush;Films policiers,Policiers d'action,Films d'action;False;1
70178217;House of Cards;Séries politiques,Séries US,Thrillers TV;True;3
70178639;Jumping the Broom;Comédies romantiques,Films comiques,Films romantiques;False;1
70187741;RuPaul's Drag Race;Téléréalité avec concours,Téléréalité,Séries US;True;1
70205014;Ouran Host Club : Le lycée de la séduction;Japonais,Anime romantique,Séries pour ados,Séries d'animation japonaise,Animes sur l'école;False;1
70205672;La reine du sud;Mexicain,Séries inspirées de livres,Thrillers TV;True;4
70218677;Think Like a Man;Comédies romantiques,Films comiques,Films romantiques,Films inspirés de livres;False;1
70242311;Orange Is the New Black;Séries inspirées de livres,Séries comiques,Séries US,Séries inspirées de faits réels;True;8
70254945;Barbara;Danois,Drames,Films romantiques,Films inspirés de livres,Films d'époque;False;3
70254959;The Greatest Thing;Norvégien,Drames,Films romantiques,Films inspirés de livres,Films d'époque;False;1
70264888;Black Mirror;Britannique,Séries SF,Thrillers TV;True;4
70281312;Blacklist;Séries policières,Séries US,Thrillers TV;False;1
70285581;Outlander;Séries politiques,Séries inspirées de livres,Séries d'action et d'aventure,Séries US,Séries fantastiques;True;6
70295578;Méchant, Kurt !;Norvégien,Films comiques,Films inspirés de livres,Films d'animation;False;1
70297439;Pokémon, la série : La ligue indigo;Pour enfants,Japonais,Anime inspiré d'un jeu vidéo,Séries d'animation japonaise;False;1
70300800;BoJack Horseman;Sitcoms,Séries comiques,Séries US;True;3
70301585;'71;Britannique,Films sur l'armée,Films indépendants,Films d'action;False;1
70302482;Borgen, une femme au pouvoir;Séries politiques,Séries dramatiques,Danois,Séries scandinaves,Séries dramatiques sociales;False;1
70305883;Marco Polo;Séries d'action et d'aventure,Films d'époque,Séries US;True;1
80000770;Making a Murderer;Séries policières,Séries documentaires,Docus société et culture,Séries US,Documentaires inspirés de crimes réels;True;2
80002479;Peaky Blinders;Séries dramatiques,Britannique,Films d'époque;True;5
80008187;Please Like Me;Australien,Séries comiques;False;1
80008434;Z Nation;Séries SF,Séries comiques,Séries d'action et d'aventure,Séries US,Séries d'épouvante;False;2
80010655;Bloodline;Séries d'intrigue,Séries US,Thrillers TV;True;1
80017537;Grace et Frankie;Sitcoms,Séries comiques,Séries US;True;4
80019503;BoJack Horseman Christmas Special: Sabrina's Christmas Wish;Sitcoms,Séries comiques,Séries US;True;1
80021955;Better Call Saul;Séries dramatiques,Séries US;True;4
80025172;Narcos;Séries d'action et d'aventure,Séries US,Thrillers TV,Séries inspirées de faits réels;True;6
80025384;Unbreakable Kimmy Schmidt;Sitcoms,Séries comiques,Séries US;True;4
80025601;The Get Down;Séries dramatiques,Culture Hip-hop,Séries US;True;1
80025678;The Crown;Séries politiques,Séries dramatiques,Britannique,Séries inspirées de faits réels;True;8
80025744;Sense8;Séries SF,Séries US,Thrillers TV;True;8
80028732;F is for Family;Sitcoms,Séries comiques,Séries US;True;2
80029520;Doctor Stranger;Séries médicales,Séries dramatiques romantiques,Séries dramatiques,Coréen,Séries inspirées de livres;False;1
80036407;Le cœur a ses raisons;Séries dramatiques,Séries pour la famille à voir ensemble,Séries inspirées de livres,Films d'époque,Séries US;False;3
80037677;Naruto the Last : Le film;Anime d'action,Japonais,Anime romantique,Films romantiques,Films d'animation;False;1
80039394;Dragons : Par delà les rives;Pour enfants,Séries pour la famille à voir ensemble,Séries inspirées de livres,Dessins animés;True;1
80039905;Nice Guy;Séries dramatiques romantiques,Séries dramatiques,Coréen;False;1
80039906;Master's Sun;Coréen,Séries comiques,Séries comiques romantiques,Séries d'épouvante;False;1
80039909;I Can Hear Your Voice;Séries dramatiques romantiques,Séries dramatiques,Séries judiciaires,Coréen,Séries policières;False;2
80044545;Beasts of No Nation;Films sur l'armée,Drames,Films indépendants,Films inspirés de livres,Drames primés;True;1
80044950;The OA;Séries SF,Séries d'intrigue,Séries US,Thrillers TV;True;3
80049714;Master of None;Séries comiques,Séries US;True;2
80049832;Notre planète;Séries pour la famille à voir ensemble,Britannique,Documentaires nature et écologie,Émissions sciences et nature,Docus sciences et nature;True;1
80050063;The Seven Deadly Sins;Anime SF et fantastique,Anime d'action,Japonais,Séries d'animation japonaise,Séries inspirées de mangas;True;2
80051137;La fête à la maison : 20 ans après;Sitcoms,Séries pour la famille à voir ensemble,Séries comiques,Séries US;True;2
80052669;No Game, No Life;Anime SF et fantastique,Japonais,Animes inspirés de light novels,Séries d'animation japonaise;False;1
80057281;Stranger Things;Séries SF,Séries pour ados,Séries US,Séries d'épouvante;True;7
80057918;Lucifer;Séries policières,Séries US,Séries fantastiques,Séries inspirées de B.D.;True;5
80057968;Glitter Force;Pour enfants,Séries d'animation japonaise,Dessins animés;True;1
80066429;Ingobernable;Séries politiques,Séries dramatiques,Mexicain;True;1
80071227;Mr Wolff;Films d'action;False;1
80074249;The Last Kingdom;Britannique,Séries inspirées de livres,Séries d'action et d'aventure,Films d'époque;True;6
80081705;Iris;Séries politiques,Coréen,Séries inspirées de livres,Séries d'action et d'aventure,Thrillers TV;False;2
80082242;La femme la plus détestée d'Amérique;Drames,Films d'époque,Films inspirés de faits réels,Drames sociaux;True;2
80083594;Marco Polo: One Hundred Eyes;Séries d'action et d'aventure,Films d'époque,Séries US,Séries inspirées de faits réels;True;1
80084447;Shadowhunters: The Mortal Instruments;Séries SF,Séries inspirées de livres,Séries pour ados,Séries US,Séries d'épouvante;True;7
80091742;Last Chance U;Séries documentaires,Docus société et culture,Séries US;True;1
80092878;Good Morning Call;Japonais,Séries pour ados,Séries comiques,Séries comiques romantiques,Séries inspirées de mangas;True;3
80094273;Rebellion;Séries politiques,Séries dramatiques,Irlandais,Films d'époque;True;3
80094728;Marcella;Britannique,Séries policières,Thrillers TV;True;1
80095241;Castlevania;Anime d'action,Anime inspiré d'un jeu vidéo,Séries d'animation japonaise,Anime d'horreur,Séries US;True;1
80095411;Gypsy;Séries dramatiques,Séries US;True;3
80095532;Au fil des jours;Sitcoms,Séries pour la famille à voir ensemble,Séries comiques,Séries US;True;1
80095697;Désenchantée;Séries comiques,Séries d'action et d'aventure,Séries US,Séries fantastiques;True;5
80095815;Santa Clarita Diet;Séries comiques,Séries US,Séries d'épouvante;True;1
80096545;Roman Empire;Séries dramatiques,Documentaires historiques,Séries documentaires,Docus société et culture,Séries US;True;1
80097140;Altered Carbon;Séries SF,Séries inspirées de livres,Séries d'action et d'aventure,Séries policières,Séries US;True;3
80097141;Godless;Séries dramatiques,Séries US;True;1
80099656;Frontier;Séries dramatiques,Canadien,Séries d'action et d'aventure,Films d'époque;True;1
80100172;Dark;Allemand,Séries SF,Séries d'intrigue,Séries policières,Thrillers TV;True;2
80100929;Les Demoiselles du téléphone;Séries dramatiques romantiques,Séries dramatiques,Espagnol,Films d'époque;True;14
80103417;Toi, moi et elle;Séries comiques,Séries comiques romantiques,Séries US;True;2
80104198;Perdus dans l'espace;Séries pour la famille à voir ensemble,Séries d'action et d'aventure,Séries US;True;4
80106743;Kevin Hart: What Now?;Stand-up;True;1
80107989;La colline aux lapins;Séries dramatiques,Séries pour la famille à voir ensemble,Britannique,Séries inspirées de livres,Séries d'action et d'aventure;True;1
80108495;Glitch;Australien,Séries d'intrigue,Séries d'épouvante;True;1
80113612;Fauda;Israélien,Séries d'action et d'aventure,Thrillers TV;True;1
80113647;Designated Survivor;Séries politiques,Séries US,Thrillers TV;True;4
80113701;The Good Place;Sitcoms,Séries comiques,Séries US;True;3
80114804;Cosmos Laundromat: First Cycle;Néerlandais,Films d'animation;False;1
80114988;GLOW;Séries comiques,Séries US;True;2
80115328;Le Seigneur de Bombay;Indien,Séries inspirées de livres,Séries d'intrigue,Séries policières,Thrillers TV;True;1
80116922;Inside the World’s Toughest Prisons;Britannique,Séries documentaires;True;1
80117038;Big Mouth;Sitcoms,Séries comiques,Séries US;True;3
80117470;13 Reasons Why;Séries dramatiques,Séries inspirées de livres,Séries pour ados,Séries d'intrigue,Séries US;True;5
80117552;Ozark;Séries US,Thrillers TV;True;4
80117555;Seven Seconds;Séries dramatiques,Séries policières,Séries US,Séries dramatiques sociales;True;2
80117803;Comment élever un super-héros;Pour enfants,Séries pour la famille à voir ensemble,Séries inspirées de B.D.;True;2
80117809;On My Block;Séries pour ados,Séries comiques,Séries comiques romantiques,Séries US;True;2
80119234;Bright;Films policiers,Policiers d'action,Films d'action;True;1
80119411;Captive;Séries dramatiques,Canadien,Séries inspirées de livres,Films d'époque;True;1
80119426;Dirk Gently, détective holistique;Séries SF,Séries inspirées de livres,Séries d'intrigue,Séries comiques,Séries d'action et d'aventure;True;3
80121387;Elisa et Marcela;Espagnol,Films LGBTQ+,Drames,Films romantiques,Films d'époque;True;5
80124522;Maniac;Séries SF,Séries comiques,Séries US;True;1
80124680;Gad Elmaleh Part en Live;Français,Stand-up;True;1
80130521;Amandine Malabul, sorcière maladroite;Pour enfants,Britannique,Séries inspirées de livres;True;1
80133042;El Chapo;Séries d'action et d'aventure,Séries US,Thrillers TV;True;2
80133311;Riverdale;Séries dramatiques,Séries pour ados,Séries d'intrigue,Séries US,Séries inspirées de B.D.;True;6
80133922;Hitting the Apex;Films documentaires;False;1
80134695;Zoe et Raven;Pour enfants,Séries pour la famille à voir ensemble,Britannique;True;2
80135414;The Mist;Séries SF,Séries inspirées de livres,Séries US,Séries d'épouvante;True;4
80136311;Anne with an E;Séries dramatiques,Séries pour la famille à voir ensemble,Canadien,Séries inspirées de livres,Séries pour ados;True;2
80140955;Greenleaf;Séries dramatiques,Séries US;True;3
80141172;The Guardians of Justice;Séries SF,Séries d'intrigue,Séries comiques,Séries d'action et d'aventure,Séries US;True;3
80142058;Naked;Comédies romantiques,Films comiques,Films romantiques;True;1
80148162;The Night Comes for Us;Indonésien,Films sur les arts martiaux,Films d'action;True;1
80148535;Dark Crystal : Le temps de la résistance;Séries politiques,Séries pour la famille à voir ensemble,Séries d'action et d'aventure,Séries US,Séries fantastiques;True;1
80149594;Kordugum;Séries dramatiques romantiques,Séries dramatiques,Turc;False;2
80150507;La Cathédrale de la mer;Séries dramatiques,Espagnol,Séries inspirées de livres,Films d'époque;True;2
80152350;Neo Yokio;Séries pour ados,Séries comiques,Séries US,Séries fantastiques;True;1
80153467;Unbelievable;Séries dramatiques,Séries policières,Séries US,Séries inspirées de faits réels;True;5
80154610;The Rain;Danois,Séries SF,Séries pour ados,Séries scandinaves,Thrillers TV;True;1
80156387;L'école des petites sorcières;Anime SF et fantastique,Séries pour la famille à voir ensemble,Japonais,Séries d'animation japonaise;True;1
80159955;Force 2;Indien,Films en hindi,Films de Bollywood,Films d'espionnage,Films d'action;False;1
80160037;Queer Eye;Téléréalité,Séries US,Style de vie;True;1
80160935;La casa de las flores;Mexicain,Séries comiques;True;3
80160994;Les goûts et les couleurs;Français,Comédies romantiques,Films LGBTQ+,Films comiques,Films romantiques;True;1
80165247;72 animaux dangereux en Amérique latine;Australien,Documentaires nature et écologie,Émissions sciences et nature,Docus sciences et nature,Séries documentaires;True;2
80167499;Chris Rock: Selective Outrage;Stand-up;True;1
80168029;Dans la peau du loup;Espagnol,Drames,Films d'époque;True;1
80168068;Love Alarm;Séries dramatiques romantiques,Séries dramatiques,Coréen,Séries pour ados,Dramas coréens inspirés de webtoons;True;4
80168079;Icare;Films documentaires,Documentaires inspirés de crimes réels;True;2
80169498;Call Me by Your Name;Italien,Films LGBTQ+,Drames,Films indépendants,Films romantiques;False;2
80170187;Gad Elmaleh: American Dream;Stand-up;True;1
80171965;Dave Chappelle;Séries comiques,Stand-up,Séries US;True;1
80172145;Diablero;Mexicain,Séries inspirées de livres,Thrillers TV,Séries d'épouvante,Séries fantastiques;True;1
80172949;Kingdom;Anime d'action,Japonais,Séries d'animation japonaise,Séries inspirées de mangas;False;2
80173623;Somewhere Between;Séries d'intrigue,Séries US,Thrillers TV;True;1
80174608;Love, Death & Robots;Séries SF,Séries d'action et d'aventure,Séries US,Thrillers TV,Séries d'épouvante;True;5
80174687;Kevin Hart: Irresponsible;Stand-up;True;1
80175351;Gambling school;Japonais,Animation d'intrigue et thriller,Séries d'animation japonaise,Anime dramatique,Animes sur l'école;True;2
80175685;The Standups;Séries comiques,Stand-up,Séries US;True;1
80176893;Good Doctor;Séries médicales,Séries dramatiques,Séries US,Séries dramatiques sociales;False;1
80177342;Good Girls;Séries comiques,Séries US;True;4
80177416;Unsolved;Musique,Séries dramatiques,Séries inspirées de livres,Culture Hip-hop,Séries policières;True;7
80177458;Snowpiercer;Séries politiques,Séries SF,Séries d'action et d'aventure,Séries US,Thrillers TV;True;5
80177776;Naam Shabana;Indien,Films en hindi,Films de Bollywood,Films d'action;False;1
80177803;Barons de la drogue;Séries documentaires,Séries US,Documentaires inspirés de crimes réels;True;1
80178151;The Spy;Séries politiques,Séries inspirées de livres,Thrillers TV,Séries inspirées de faits réels;False;1
80178687;Black Lightning;Séries SF,Séries d'action et d'aventure,Séries US,Séries inspirées de B.D.;True;7
80178726;Dope;Séries documentaires,Séries US,Documentaires inspirés de crimes réels;True;1
80179190;Mes premières fois;Séries pour ados,Séries comiques,Séries US;True;2
80179394;Dynastie;Séries dramatiques,Séries US,Séries dramatiques sociales;True;6
80179831;JoJo's Bizarre Adventure;Anime SF et fantastique,Anime d'action,Japonais,Séries d'animation japonaise,Séries inspirées de mangas;True;2
80179905;Insatiable;Séries pour ados,Séries comiques,Séries US;True;5
80180171;Kingdom;Séries politiques,Coréen,Séries d'action et d'aventure,Films d'époque,Dramas coréens inspirés de webtoons;True;10
80182123;Violet Evergarden;Anime SF et fantastique,Japonais,Animes inspirés de light novels,Anime romantique,Séries d'animation japonaise;True;1
80186863;Umbrella Academy;Séries SF,Séries d'action et d'aventure,Séries US,Séries inspirées de B.D.;True;6
80186926;SAINT SEIYA : Les Chevaliers du Zodiaque;Anime SF et fantastique,Anime d'action,Japonais,Séries d'animation japonaise,Séries inspirées de mangas;True;1
80187302;Stranger;Coréen,Séries policières,Thrillers TV;True;2
80188348;Who Are You: School 2015;Séries dramatiques romantiques,Séries dramatiques,Coréen,Séries pour ados,Séries d'intrigue;False;6
80188354;Oh My Venus;Coréen,Séries comiques,Séries comiques romantiques;False;1
80188730;The K2;Séries politiques,Coréen,Séries d'action et d'aventure;False;1
80189221;The Haunting of Hill House;Séries inspirées de livres,Séries d'intrigue,Séries US,Séries d'épouvante;True;1
80189586;Si j'étais un animal;Pour enfants,Documentaires nature et écologie,Émissions sciences et nature,Éducatif jeunesse,Docus sciences et nature;False;1
80189630;Une femme de tête;Comédies romantiques,Drames,Films comiques,Films romantiques,Films inspirés de livres;True;1
80189631;America : Le film;Satires,Films comiques,Films d'animation,Films d'action;True;1
80189653;Ricky Gervais: Humanity;Britannique,Stand-up;True;1
80189685;The Witcher;Séries inspirées de livres,Séries d'action et d'aventure,Séries US,Séries fantastiques;True;7
80189829;The Protector;Turc,Séries inspirées de livres,Séries d'action et d'aventure,Thrillers TV,Séries fantastiques;True;6
80190097;13 Novembre : Fluctuat Nec Mergitur;Séries documentaires,Docus société et culture,Séries US,Documentaires inspirés de crimes réels;True;2
80191522;Paradise Police;Séries comiques,Séries US;True;2
80192098;La casa de papel;Espagnol,Séries policières,Thrillers TV;True;7
80192187;Triple frontière;Films d'action;True;1
80194956;La disparition de Maddie McCann;Séries policières,Séries documentaires,Séries US,Documentaires inspirés de crimes réels;True;1
80195357;Cannon Busters;Anime SF et fantastique,Anime d'action,Japonais,Séries d'animation japonaise,Séries inspirées de B.D.;True;2
80196382;The A List;Séries dramatiques,Séries pour la famille à voir ensemble,Britannique,Séries pour ados,Séries d'intrigue;True;1
80196789;Bird Box;Films SF,Thrillers,Films inspirés de livres;True;1
80197526;Sex Education;Britannique,Séries pour ados,Séries comiques;True;5
80197619;Proud Mary;Films d'action;False;1
80197889;WHAT / IF;Séries US,Thrillers TV;True;2
80197912;Beyond Stranger Things;Talk-shows,Séries SF,Séries pour ados,Séries US;True;3
80197989;The Society;Séries dramatiques,Séries pour ados,Séries US;True;1
80198137;Tuca & Bertie;Séries comiques,Séries US;True;1
80198505;Aggretsuko;Japonais,Séries d'animation japonaise;True;3
80198673;Ada Twist, la scientifique;Pour enfants,Séries inspirées de livres,Grandir en musique,Éducatif jeunesse,Dessins animés;True;1
80198991;Workin' Moms;Sitcoms,Canadien,Séries comiques;True;2
80199393;Cursed : La rebelle;Britannique,Séries inspirées de livres,Séries pour ados,Séries d'action et d'aventure,Séries fantastiques;True;3
80200047;Le garçon qui dompta le vent;Films pour la famille,Drames pour la famille,Drames,Films indépendants,Films inspirés de livres;True;1
80200549;Dans leur regard;Séries dramatiques,Séries US,Séries inspirées de faits réels,Séries dramatiques sociales;True;7
80200571;The Highwaymen;Films policiers,Drames,Films d'époque,Films inspirés de faits réels;True;1
80200575;Alice in Borderland;Japonais,Séries SF,Séries d'action et d'aventure,Thrillers TV,Séries inspirées de mangas;True;7
80200942;Élite;Espagnol,Séries pour ados,Séries d'intrigue,Thrillers TV;True;8
80201590;Spinning Out;Séries dramatiques,Séries US;True;2
80202133;Nightflyers;Séries SF,Séries inspirées de livres,Séries US,Séries d'épouvante;True;4
80202258;Northern Rescue;Séries dramatiques,Séries US;True;1
80202283;I AM A KILLER;Britannique,Séries documentaires,Documentaires inspirés de crimes réels;True;2
80202462;Self Made : D'après la vie de Madam C.J. Walker;Séries dramatiques,Séries US;True;2
80203144;The Last Dance;Séries documentaires,Docus société et culture,Séries US;True;2
80204451;BAKI;Anime d'action,Japonais,Séries d'animation japonaise,Anime sportifs,Séries inspirées de mangas;True;1
80204465;Project Power;Films SF,Films policiers,Policiers d'action,Films d'action;True;1
80204890;Formula 1 : Pilotes de leur destin;Britannique,Séries documentaires;True;2
80205594;La Frontière verte;Colombien,Séries policières,Thrillers TV;True;2
80205595;L'éternelle sorcière;Colombien,Séries inspirées de livres,Séries pour ados,Séries comiques,Séries fantastiques;True;1
80206099;Le Serpent;Britannique,Thrillers TV,Séries inspirées de faits réels;True;3
80207033;Cowboy Bebop;Musique,Séries SF,Séries d'action et d'aventure,Séries US;True;1
80207506;La Voie de la justice;Drames,Films inspirés de livres,Films inspirés de faits réels,Drames sociaux,Drames primés;False;1
80209129;The School Nurse Files;Coréen,Séries inspirées de livres,Séries fantastiques;True;1
80209184;Freud;Autrichien,Séries d'intrigue,Films d'époque,Séries policières,Thrillers TV;True;3
80210920;The Mother;Films d'action;True;3
80211136;Secret City;Séries politiques,Australien,Séries inspirées de livres,Séries d'intrigue,Thrillers TV;True;2
80211563;Les Chroniques de San Francisco;Séries dramatiques,Séries inspirées de livres,Séries US;True;3
80211572;Monarca;Séries dramatiques,Mexicain,Séries dramatiques sociales;True;4
80211686;Grand Army;Séries dramatiques,Séries pour ados,Séries US;True;2
80211991;You;Séries inspirées de livres,Séries US,Thrillers TV;True;3
80212986;Valeria;Espagnol,Séries inspirées de livres,Séries comiques,Séries comiques romantiques;True;2
80213024;Dany de Boon : Des Hauts De France;Français,Stand-up;True;1
80213115;Les meurtres d'Alcàsser;Espagnol,Documentaires biographiques,Séries policières,Séries documentaires,Documentaires inspirés de crimes réels;True;1
80213288;Les envolées;Séries dramatiques,Mexicain;True;1
80213445;Ratched;Séries médicales,Séries inspirées de livres,Séries US,Thrillers TV,Séries d'épouvante;True;1
80213803;James Acaster: Repertoire;Britannique,Séries comiques,Stand-up;True;1
80214405;A Korean Odyssey;Coréen,Séries inspirées de livres,Séries fantastiques;True;4
80214512;Away;Séries SF,Séries inspirées de livres,Séries US;True;1
80214886;Paranormal;Séries du Moyen-Orient,Égyptien,Séries inspirées de livres,Séries d'épouvante,Séries fantastiques;True;1
80216200;Kate;Films d'action;True;1
80216665;Rhythm + Flow;Musique,Téléréalité avec concours,Culture Hip-hop,Téléréalité,Séries US;True;2
80217315;Sintonia;Musique,Séries dramatiques,Brésilien,Séries pour ados;True;1
80217669;Top Boy;Séries dramatiques,Britannique;True;3
80217689;Fary Is the New Black;Français,Stand-up;True;2
80217818;Disparitions : La course contre la montre;Séries policières,Séries documentaires,Séries US,Documentaires inspirés de crimes réels;True;5
80218104;Sebastian Maniscalco: Stay Hungry;Stand-up;True;1
80218200;Titans;Séries SF,Séries d'action et d'aventure,Séries US,Séries inspirées de B.D.;True;6
80218634;Super Drags;Brésilien,Séries comiques;True;2
80218885;L'École du Bien et du Mal;Films pour la famille,Films pour ados;True;2
80219707;Dead to Me;Séries comiques,Séries US;True;2
80220541;Poursuis tes rêves;Pour enfants,Argentin,Séries pour ados,Grandir en musique;True;1
80220816;Jinn;Séries du Moyen-Orient,Jordanien,Séries pour ados,Thrillers TV,Séries fantastiques;True;3
80221207;Nicky Jam: El Ganador;Musique,Séries dramatiques,Colombien;True;1
80221644;October Faction;Séries pour ados,Séries d'action et d'aventure,Séries US,Séries d'épouvante,Séries fantastiques;True;2
80222157;Grégory;Français,Séries documentaires,Documentaires inspirés de crimes réels;True;3
80222720;Vampires;Français,Séries inspirées de livres,Séries pour ados,Séries d'épouvante,Séries fantastiques;True;2
80222802;Archive 81;Séries SF,Séries d'intrigue,Séries US,Séries d'épouvante;True;4
80222934;L'Écuyer du Roi;Séries pour la famille à voir ensemble,Séries inspirées de livres,Séries d'action et d'aventure,Séries fantastiques;True;1
80223052;Polar;Canadien,Films d'action;True;1
80223108;Selling Sunset;Téléréalité,Séries US,Style de vie;True;1
80223989;Les nouvelles aventures de Sabrina;Séries pour ados,Séries US,Séries d'épouvante,Séries fantastiques,Séries inspirées de B.D.;True;3
80225917;Ricky Gervais: SuperNature;Britannique,Stand-up;True;2
80226168;The Lady in Dignity;Coréen,Séries d'intrigue,Thrillers TV;False;1
80228274;Karakai Jouzu no Takagi-san;Japonais,Anime romantique,Séries pour ados,Séries d'animation japonaise,Animes sur l'école;True;1
80230018;Rouge Éclipse;Japonais,Séries pour ados,Thrillers TV,Séries inspirées de mangas;True;1
80230265;Histoire d'un crime : Colosio;Séries politiques,Mexicain,Thrillers TV,Séries inspirées de faits réels;True;2
80230399;Tyler Rake;Films inspirés de livres,Films d'action;True;1
80230402;Dave Chappelle: Equanimity & The Bird Revelation;Séries comiques,Stand-up,Séries US;True;1
80230561;Trinkets;Séries dramatiques,Séries inspirées de livres,Séries pour ados,Séries US;True;1
80231373;ULTRAMAN;Anime SF et fantastique,Anime d'action,Japonais,Séries d'animation japonaise,Séries inspirées de mangas;True;1
80231658;Le secret de Nick;Pour enfants,Sitcoms,Séries pour la famille à voir ensemble,Séries comiques;True;1
80232398;La Chronique des Bridgerton;Séries dramatiques romantiques,Séries dramatiques,Séries inspirées de livres,Films d'époque,Séries US;True;8
80232655;Shaft;Films policiers,Films comiques,Policiers d'action,Films d'action;True;1
80232926;Ragnarök;Norvégien,Séries pour ados,Séries d'intrigue,Séries scandinaves,Séries fantastiques;True;4
80233258;Alta mar;Espagnol,Séries d'intrigue,Thrillers TV;True;2
80234304;Le jeu de la dame;Séries dramatiques,Séries inspirées de livres,Séries US,Séries dramatiques sociales;True;3
80234451;Bienvenue chez Mamilia;Pour enfants,Sitcoms,Séries pour la famille à voir ensemble,Séries comiques;True;2
80234491;Flavors of Youth: International Version;Japonais,Anime romantique,Films romantiques,Films d'animation,Anime dramatique;True;2
80235267;Le Bal des 41;Mexicain,Films LGBTQ+,Drames,Films indépendants,Films romantiques;True;1
80235857;Fugitiva;Espagnol,Thrillers TV;True;1
80235864;Bodyguard;Séries politiques,Britannique,Séries d'intrigue,Thrillers TV;True;2
80235932;Trailer Park Boys: The Animated Series;Séries comiques,Séries US;True;1
80236118;V Wars;Séries politiques,Séries SF,Séries d'action et d'aventure,Séries US,Thrillers TV;True;5
80236236;Another Life;Séries SF,Séries d'action et d'aventure,Séries US,Thrillers TV;True;3
80236318;Outer Banks;Séries dramatiques,Séries pour ados,Séries d'action et d'aventure,Séries US;True;5
80236319;Shadow and Bone : La saga Grisha;Séries inspirées de livres,Séries pour ados,Séries d'action et d'aventure,Séries US,Séries fantastiques;True;2
80237329;AJ and the Queen;Séries comiques,Séries US;True;2
80238357;The Order;Canadien,Séries pour ados,Séries d'intrigue,Séries d'épouvante,Séries fantastiques;True;4
80239462;The Naked Director;Séries dramatiques,Japonais,Séries inspirées de livres,Séries inspirées de faits réels;True;2
80239565;Errementari : Le Forgeron et le Diable;Espagnol,Films d'horreur,Films d'époque;True;1
80239866;À l'ombre des magnolias;Séries dramatiques romantiques,Séries dramatiques,Séries inspirées de livres,Séries US;True;5
80240027;Virgin River;Séries médicales,Séries dramatiques romantiques,Séries dramatiques,Séries inspirées de livres,Séries US;True;9
80240585;Agent Elvis;Séries comiques,Séries d'action et d'aventure,Séries US;True;1
80241001;Permis de vivre;Espagnol,Séries inspirées de livres,Séries policières,Thrillers TV;True;4
80241181;New Amsterdam;Séries médicales,Séries dramatiques,Séries inspirées de livres,Séries US,Séries dramatiques sociales;False;1
80241234;L'épouse fantôme;Séries inspirées de livres,Malaisien,Séries d'intrigue,Films d'époque,Séries fantastiques;True;3
80241239;Locke & Key;Séries pour ados,Séries d'action et d'aventure,Séries US,Séries fantastiques;True;6
80241318;Manifest;Séries SF,Séries d'intrigue,Séries US;True;9
80241387;H;Espagnol,Séries policières,Thrillers TV;True;1
80241472;Alma;Espagnol,Séries pour ados,Séries d'épouvante;True;1
80241539;Mortel;Français,Séries pour ados,Séries fantastiques;True;4
80241545;Feel Good;Britannique,Séries comiques,Séries comiques romantiques;True;1
80241581;Les Irréguliers de Baker Street;Britannique,Séries pour ados,Séries d'intrigue,Films d'époque,Séries policières;True;3
80241855;Dirty John;Séries US,Thrillers TV,Séries inspirées de faits réels;True;2
80241947;Girl from Nowhere;Thaïlandais,Séries pour ados,Thrillers TV;True;1
80242724;Warrior Nun;Séries pour ados,Séries d'action et d'aventure,Séries US,Séries fantastiques,Séries inspirées de B.D.;True;3
80243706;Dare Me;Séries inspirées de livres,Séries pour ados,Séries US,Thrillers TV;True;1
80244283;Maya, princesse guerrière;Pour enfants,Séries pour la famille à voir ensemble,Dessins animés,Séries fantastiques;True;1
80244296;Teenage Bounty Hunters;Séries pour ados,Séries comiques,Séries US;True;1
80244479;Colin en noir et blanc;Séries dramatiques,Séries pour ados,Séries US,Docu-fictions;True;2
80244780;Luna Nera;Italien,Séries inspirées de livres,Séries pour ados,Films d'époque,Thrillers TV;True;3
80244846;Dolly Parton's Heartstrings;Séries dramatiques,Séries pour la famille à voir ensemble,Séries US;True;2
80244928;The English Game;Séries dramatiques,Britannique,Films d'époque,Séries inspirées de faits réels,Séries dramatiques sociales;True;3
80244953;Jupiter's Legacy;Séries SF,Séries d'action et d'aventure,Séries US,Séries inspirées de B.D.;True;1
80245103;Halston;Séries dramatiques,Séries inspirées de livres,Séries US,Séries inspirées de faits réels;True;2
80986933;Uncontrollably Fond;Séries dramatiques romantiques,Séries dramatiques,Coréen;False;3
80987064;Resident Evil: Infinite Darkness;Anime d'action,Anime inspiré d'un jeu vidéo,Séries d'animation japonaise,Anime d'horreur,Séries US;True;2
80987077;Signal;Coréen,Séries policières,Thrillers TV;False;3
80987903;The Midnight Gospel;Séries comiques,Séries US;True;1
80990381;Move to Heaven;Séries dramatiques,Coréen;True;1
80990668;Extracurricular;Coréen,Séries pour ados,Thrillers TV;True;2
80990771;L'essor de l'Empire ottoman;Turc,Documentaires historiques,Séries d'action et d'aventure,Documentaires sur l'armée,Séries documentaires;True;1
80991107;Mr. Sunshine;Séries dramatiques romantiques,Séries politiques,Séries dramatiques,Coréen,Films d'époque;True;9
80991754;Clickbait;Séries d'intrigue,Séries policières,Séries US,Thrillers TV;True;1
80991848;Sex/Life;Séries dramatiques romantiques,Séries dramatiques,Séries inspirées de livres,Séries US;True;5
80992137;CAROLE & TUESDAY;Musique,Japonais,Séries pour ados,Séries d'animation japonaise,Anime dramatique;True;1
80992228;KENGAN ASHURA;Anime d'action,Japonais,Séries d'animation japonaise,Anime sportifs,Séries inspirées de mangas;True;1
80992607;American Girl;Drames,Films inspirés de livres;True;1
80992775;La Révolution;Français,Séries politiques,Séries d'action et d'aventure,Films d'époque,Séries d'épouvante;True;1
80993062;The I-Land;Séries SF,Séries d'action et d'aventure,Séries US,Thrillers TV;True;2
80993613;The Rise of Phoenixes;Séries dramatiques romantiques,Séries dramatiques,Séries inspirées de livres,Séries d'action et d'aventure,Films d'époque;True;6
80994082;Lupin;Français,Séries inspirées de livres,Séries d'intrigue,Séries d'action et d'aventure,Séries policières;True;4
80994336;DOTA: Dragon's Blood;Anime SF et fantastique,Anime d'action,Anime inspiré d'un jeu vidéo,Séries d'animation japonaise,Séries US;True;1
80994340;Toujours là pour toi;Séries dramatiques romantiques,Séries dramatiques,Séries inspirées de livres,Séries US;True;6
80994411;Bad Banks;Allemand,Thrillers TV;False;2
80994692;Dead End : Le parc du paranormal;Pour enfants,Séries comiques,Dessins animés;True;1
80995819;Inside Job;Séries comiques,Séries US;True;2
80995996;Vir Das: For India;Indien,Stand-up;True;1
80996532;Resident Evil;Séries SF,Séries d'action et d'aventure,Séries US,Séries d'épouvante;True;2
80997085;Narcos: Mexico;Séries d'action et d'aventure,Séries US,Thrillers TV,Séries inspirées de faits réels;True;4
80997339;Sirius the Jaeger;Anime SF et fantastique,Anime d'action,Japonais,Animation d'intrigue et thriller,Séries d'animation japonaise;True;1
80997400;Kardec;Brésilien,Drames,Films inspirés de livres,Films d'époque,Films inspirés de faits réels;True;2
80997687;Dracula;Britannique,Séries inspirées de livres,Films d'époque,Séries d'épouvante;True;1
80998940;Suspicious Partner;Séries judiciaires,Coréen,Séries comiques,Séries policières,Séries comiques romantiques;False;1
80998959;Doctor Crush;Séries médicales,Séries dramatiques romantiques,Séries dramatiques,Coréen;False;1
80998991;Douleur et Gloire;Espagnol,Films LGBTQ+,Drames,Drames primés;True;1
80999060;Pinocchio;Séries dramatiques romantiques,Séries dramatiques,Coréen;False;3
81001036;Les Justicières;Séries dramatiques,Séries pour la famille à voir ensemble,Britannique,Séries pour ados,Séries d'intrigue;True;1
81001209;Intimidation;Séries dramatiques,Britannique,Séries inspirées de livres,Séries d'intrigue;True;1
81001887;6 Underground;Films d'action;True;1
81002003;Pacific Rim: The Black;Anime SF et fantastique,Anime d'action,Séries d'animation japonaise,Séries US;True;2
81002370;Cobra Kai;Séries comiques,Séries d'action et d'aventure,Séries US;True;3
81002451;My Husband Won't Fit;Séries dramatiques romantiques,Séries dramatiques,Japonais,Séries inspirées de livres,Séries inspirées de faits réels;True;1
81002483;Deux mamans sous le même toit;Mexicain,Séries comiques;True;1
81004280;Memories of the Alhambra;Coréen,Séries SF,Thrillers TV;True;1
81004321;Whindersson Nunes: Adulto;Brésilien,Stand-up;True;1
81004814;BONDING;Séries comiques,Séries US;True;1
81004936;Trois mètres au-dessus du ciel;Séries dramatiques romantiques,Séries dramatiques,Italien,Séries inspirées de livres,Séries pour ados;True;2
81005126;Neymar : Le chaos parfait;Documentaires biographiques,Séries documentaires,Docus société et culture,Séries US;True;1
81005492;Spenser Confidential;Films policiers,Films comiques,Intrigues,Films inspirés de livres,Policiers d'action;True;2
81005504;Le jardin des météores;Séries dramatiques romantiques,Séries dramatiques,Séries pour ados,Séries chinoises,Séries inspirées de mangas;True;4
81008021;My Holo Love;Coréen,Séries SF;True;2
81008138;Hoops;Sitcoms,Séries comiques,Séries US;True;1
81008221;Into the Night;Belge,Séries SF,Séries inspirées de livres,Thrillers TV;True;1
81008305;Inventing Anna;Séries dramatiques,Séries US,Séries inspirées de faits réels;True;2
81008536;Aggretsuko : Joyeux Noël et bon metal !;Japonais,Séries d'animation japonaise;True;2
81009646;Jurassic World : La Colo du Crétacé;Pour enfants,Séries pour la famille à voir ensemble,Séries inspirées de livres,Dessins animés;True;1
81009946;Gabby et la maison magique;Pour enfants,Grandir en musique,Éducatif jeunesse,Dessins animés;True;1
81011211;My Name;Coréen,Séries d'action et d'aventure,Séries policières,Thrillers TV;True;5
81012487;The Bride of Habaek;Coréen,Séries comiques,Séries comiques romantiques,Dramas coréens inspirés de webtoons,Séries fantastiques;False;2
81012573;Marriage Contract;Séries dramatiques romantiques,Séries dramatiques,Coréen;False;1
81012637;Sky Rojo;Espagnol,Séries d'action et d'aventure;True;1
81014532;Les Enquêtes sauvages;Pour enfants,Éducatif jeunesse,Dessins animés;True;1
81016276;The Sound of Magic;Séries dramatiques,Coréen,Séries pour ados,Dramas coréens inspirés de webtoons,Séries dramatiques sociales;True;1
81017308;Tiny Pretty Things;Séries inspirées de livres,Séries pour ados,Séries d'intrigue,Séries US,Thrillers TV;True;2
81019775;The Liberator;Séries inspirées de livres,Séries d'action et d'aventure,Séries US,Séries inspirées de faits réels;True;2
81020388;At Eternity's Gate;Drames,Films d'époque,Films inspirés de faits réels,Drames primés;True;1
81021245;Control Z;Séries dramatiques,Mexicain,Séries pour ados;True;5
81022683;La reina del flow;Musique,Séries dramatiques,Colombien,Séries policières;True;2
81022733;Selena : La série;Musique,Séries dramatiques,Séries pour la famille à voir ensemble,Séries US,Séries inspirées de faits réels;True;2
81024153;Le Catcheur masqué;Films pour la famille,Films jeunesse et famille,Films comiques;True;1
81025696;Ginny & Georgia;Séries pour ados,Séries comiques,Séries comiques romantiques,Séries US;True;4
81026055;Les Enquêtes extraordinaires;Séries policières,Séries documentaires,Séries US,Documentaires inspirés de crimes réels;True;4
81026095;Le vampire d'Istanbul;Turc,Séries d'épouvante,Séries fantastiques;True;2
81026700;My First First Love;Séries dramatiques romantiques,Séries dramatiques,Coréen;True;3
81026915;Better Than Us;Séries politiques,Russe,Séries SF;True;1
81028174;La famille Upshaw;Sitcoms,Séries comiques,Séries US;True;1
81029150;Bulbbul;Indien,Films en hindi,Films d'horreur,Films d'époque,Drames sociaux;True;2
81031181;Goyo : L'enfant-général;Philippin,Films sur l'armée,Drames,Films d'époque,Films inspirés de faits réels;True;2
81033361;Après toi, le chaos;Espagnol,Séries inspirées de livres,Séries pour ados,Séries d'intrigue,Thrillers TV;True;2
81033445;Neon Genesis Evangelion;Anime SF et fantastique,Anime d'action,Japonais,Séries d'animation japonaise;False;2
81033645;My Sassy Girl;Séries dramatiques romantiques,Séries dramatiques,Coréen,Séries inspirées de livres,Films d'époque;False;2
81034661;AlRawabi School for Girls;Séries dramatiques,Séries du Moyen-Orient,Jordanien,Séries pour ados,Séries dramatiques sociales;True;4
81034865;Ava;Films d'action;True;1
81035137;Queen Sono;Sud-africain,Séries d'action et d'aventure;True;1
81035568;Papa est un chasseur d'aliens;Pour enfants,Séries pour la famille à voir ensemble,Séries comiques,Dessins animés;True;2
81036622;Toy Boy;Espagnol,Séries policières,Thrillers TV;True;2
81036936;Innocent;Espagnol,Séries inspirées de livres,Thrillers TV;True;1
81037371;Emily in Paris;Séries comiques,Séries comiques romantiques,Séries US;True;5
81037850;Curon;Italien,Séries pour ados,Séries d'épouvante,Séries fantastiques;True;2
81038963;The Old Guard;Films inspirés de livres,Films d'action;True;2
81039557;Queer Force;Séries comiques,Séries d'action et d'aventure,Séries US;True;1
81040344;Squid Game;Coréen,Thrillers TV;True;12
81040639;Pup Academy : L'école secrète;Pour enfants,Séries pour la famille à voir ensemble,Séries comiques;True;1
81040957;RuPaul’s Drag Race: All Stars;Téléréalité avec concours,Téléréalité,Séries US;True;1
81041495;Mosul;Films du Moyen-Orient,Films sur l'armée,Films inspirés de faits réels,Films d'action;True;1
81042230;W: Two Worlds Apart;Coréen,Thrillers TV,Séries fantastiques;False;1
81044547;Blood & Water;Séries dramatiques,Sud-africain,Séries pour ados,Séries d'intrigue;True;7
81045007;La Sagesse de la pieuvre;Films jeunesse et famille,Sud-africain,Films documentaires,Documentaires nature et écologie,Docus sciences et nature;True;1
81045305;The Noel Diary;Drames,Films romantiques,Films inspirés de livres;True;1
81045453;Gabriel Iglesias: Stadium Fluffy;Stand-up;True;1
81046613;Last Chance U: Basketball;Séries documentaires,Docus société et culture,Séries US;True;3
81050064;SPRIGGAN;Anime SF et fantastique,Anime d'action,Japonais,Séries d'animation japonaise,Séries inspirées de mangas;True;1
81050532;Quelqu'un doit mourir;Mexicain,Thrillers TV;True;2
81051782;Coup pour coup;Séries politiques,Espagnol,Séries inspirées de livres,Séries policières,Thrillers TV;True;1
81053303;Entergalactic;Culture Hip-hop,Séries comiques,Séries comiques romantiques,Séries US;True;1
81054853;Cyberpunk: Edgerunners;Anime SF et fantastique,Anime d'action,Japonais,Anime inspiré d'un jeu vidéo,Séries d'animation japonaise;True;1
81058498;La recherche;Séries politiques,Séries dramatiques,Mexicain,Séries dramatiques sociales;True;1
81058613;Sweet Girl;Films d'action;True;1
81058695;Lou;Films d'action;True;1
81059720;Feria : L'éclat des ténèbres;Espagnol,Thrillers TV,Séries d'épouvante;True;1
81059939;Heartstopper;Séries dramatiques romantiques,Séries dramatiques,Séries pour la famille à voir ensemble,Britannique,Séries pour ados;True;4
81061734;Sweet Home;Coréen,Dramas coréens inspirés de webtoons,Thrillers TV,Séries d'épouvante;True;2
81068755;Les Monstres de Cracovie;Polonais,Séries d'épouvante,Séries fantastiques;True;2
81069463;Les périls de l'amour;Séries dramatiques romantiques,Séries dramatiques,Mexicain;True;1
81073387;Un homme chanceux;Danois,Drames,Films inspirés de livres,Films d'époque,Drames sociaux;True;4
81073507;L'autre côté;Espagnol,Séries SF,Thrillers TV;True;2
81074012;The Billion Dollar Code;Séries dramatiques,Séries judiciaires,Allemand,Séries inspirées de faits réels,Séries dramatiques sociales;True;1
81076586;L'Amour complexe;Comédies romantiques,Films comiques,Films romantiques;True;1
81076756;Delhi Crime;Indien,Séries policières,Thrillers TV,Séries en hindi;True;1
81080959;Adventure Beast;Séries comiques,Séries d'action et d'aventure,Séries US;True;1
81084349;Ritmo salvaje;Musique,Séries dramatiques,Colombien,Séries dramatiques sociales;True;1
81086133;Parcs nationaux : Ces merveilles du monde;Séries pour la famille à voir ensemble,Documentaires nature et écologie,Émissions sciences et nature,Docus sciences et nature,Séries documentaires;True;2
81087762;Abyss;Coréen,Séries fantastiques;True;4
81087764;Le Retour du Mal;Coréen,Séries policières,Thrillers TV,Séries fantastiques;True;1
81088617;Hollywood;Séries dramatiques,Séries US,Séries dramatiques sociales;True;3
81090127;Gudetama : Une aventure œuforique;Séries pour la famille à voir ensemble,Japonais,Séries d'animation japonaise;True;1
81090319;Sombre désir;Mexicain,Séries d'intrigue,Séries policières,Thrillers TV;True;1
81092963;Human Resources;Sitcoms,Séries comiques,Séries US;True;1
81093162;Are You Human?;Coréen,Séries SF;False;1
81093222;Queen for Seven Days;Séries dramatiques romantiques,Séries politiques,Séries dramatiques,Coréen,Films d'époque;False;3
81094069;One Spring Night;Séries dramatiques romantiques,Séries dramatiques,Coréen;True;1
81094382;Amit Tandon: Family Tandoncies;Indien,Stand-up;True;1
81095101;Vagabond;Coréen,Séries d'action et d'aventure,Thrillers TV;True;1
81096745;Fadily Camara : La plus drôle de tes copines;Français,Stand-up;True;1
81098012;The Silent Sea;Coréen,Séries SF,Séries d'intrigue,Thrillers TV;True;2
81098497;El Dragón : Le retour d'un guerrier;Mexicain,Séries d'action et d'aventure;True;3
81103133;Saturday Morning All Star Hits!;Séries comiques,Séries US;True;3
81104486;Le Goût de vivre;Séries dramatiques romantiques,Séries dramatiques,Séries inspirées de livres,Séries US;True;4
81105406;Monzón;Séries dramatiques,Argentin,Séries inspirées de livres,Séries inspirées de faits réels;True;2
81106517;Apache : La vie de Carlos Tévez;Séries dramatiques,Argentin,Séries inspirées de faits réels;True;2
81108281;The Legend of White Snake;Séries chinoises,Séries fantastiques;False;2
81108579;Balle perdue;Français,Films d'action;True;1
81111733;Yours Sincerely, Kanan Gill;Indien,Stand-up;True;1
81113742;Clark;Suédois,Séries inspirées de livres,Séries comiques,Séries scandinaves,Thrillers TV;True;3
81115160;Perdus dans l'Arctique;Danois,Drames,Films inspirés de livres,Films d'époque,Films inspirés de faits réels;True;1
81116060;Lockwood & Co.;Britannique,Séries inspirées de livres,Séries pour ados,Séries d'intrigue,Séries fantastiques;True;3
81116487;Rookie Historian Goo Hae-Ryung;Séries dramatiques romantiques,Séries dramatiques,Coréen,Films d'époque;True;7
81117191;Emanuela Orlandi, la disparue du Vatican;Britannique,Documentaires historiques,Séries policières,Séries documentaires,Documentaires inspirés de crimes réels;True;1
81123055;Au service du passé;Séries SF,Séries d'action et d'aventure,Séries US,Thrillers TV;True;3
81127080;Hot Skull;Séries politiques,Turc,Séries SF,Séries inspirées de livres;True;2
81127150;Si tu me venges…;Films comiques,Films pour ados;True;2
81128450;Snabba cash;Suédois,Séries inspirées de livres,Séries d'action et d'aventure,Séries scandinaves,Thrillers TV;True;2
81130130;L'affaire Watts : chronique d'une tuerie familiale;Films documentaires,Documentaires inspirés de crimes réels;True;2
81130576;Working : Passer sa vie à la gagner;Séries documentaires,Docus société et culture,Séries US;True;1
81132961;La Réalité en face;Séries US,Thrillers TV;True;1
81133094;Katla;Séries SF,Séries d'intrigue,Séries scandinaves,Thrillers TV;True;3
81134934;Kenny Sebastian: The Most Interesting Person in the Room;Indien,Stand-up;True;1
81135068;The Lighthouse;Films indépendants,Thrillers,Films d'époque;False;1
81135440;Prince du Tennis ~ Match! Tennis Juniors ~;Séries dramatiques,Séries pour ados,Séries chinoises,Séries inspirées de mangas;True;2
81137088;Le grand braquage;Colombien,Séries policières,Thrillers TV;True;1
81139212;Le Monde qui nous habite;Séries médicales,Émissions sciences et nature,Docus sciences et nature,Séries documentaires,Docus société et culture;True;1
81140282;Plan de carrière;Séries dramatiques,Séries inspirées de livres,Séries US;True;2
81140577;Dave Chappelle: Sticks & Stones;Stand-up;True;1
81144150;Sooryavanshi;Indien,Films en hindi,Films de Bollywood,Films policiers,Policiers d'action;False;1
81144910;Sanctuary;Séries dramatiques,Japonais;True;2
81146335;Ladies Up;Indien,Séries comiques,Stand-up;True;1
81149450;Vikings: Valhalla;Séries d'action et d'aventure,Films d'époque,Séries US;True;3
81149763;Intimidad;Séries politiques,Séries dramatiques,Espagnol,Séries dramatiques sociales;True;1
81151771;The Brave Ones;Sud-africain,Séries fantastiques;True;1
81152777;Chosen;Danois,Séries SF,Séries pour ados,Séries scandinaves,Thrillers TV;True;1
81152939;El Rey, Vicente Fernández;Séries dramatiques,Mexicain,Séries inspirées de faits réels;True;1
81152992;Bad Boys for Life;Films policiers,Films comiques,Policiers d'action,Films d'action;False;1
81153133;Tour de France : Au cœur du peloton;Séries documentaires;True;1
81156880;Scissor Seven;Séries comiques,Séries d'action et d'aventure,Séries chinoises;True;3
81157385;Saaho;Indien,Films en hindi,Films de Bollywood,Films d'action;False;1
81159258;Crash Landing on You;Coréen,Séries comiques,Séries comiques romantiques;True;5
81160697;The Gray Man;Films inspirés de livres,Films d'action;True;1
81161487;My Country: The New Age;Séries politiques,Coréen,Séries d'action et d'aventure,Films d'époque;True;5
81166770;Maid;Séries dramatiques,Séries inspirées de livres,Séries US,Séries inspirées de faits réels,Séries dramatiques sociales;True;6
81167137;Live Up To Your Name;Séries médicales,Séries dramatiques romantiques,Séries dramatiques,Coréen;False;1
81167761;Au nom de la vengeance;Séries dramatiques,Mexicain,Séries dramatiques sociales;True;1
81167887;The Dig;Britannique,Drames,Films inspirés de livres,Films d'époque,Films inspirés de faits réels;True;3
81168281;Les femmes et l'assassin ;Français,Films documentaires,Films policiers,Docus société et culture,Documentaires inspirés de crimes réels;True;2
81170676;Wild Babies : Petits et sauvages;Séries pour la famille à voir ensemble,Britannique,Documentaires nature et écologie,Émissions sciences et nature,Docus sciences et nature;True;1
81173345;Jeffrey Dahmer : Autoportrait d'un tueur;Séries judiciaires,Documentaires biographiques,Séries documentaires,Séries US,Documentaires inspirés de crimes réels;True;1
81173658;Jiva!;Séries dramatiques,Sud-africain,Séries dramatiques sociales;True;1
81175433;Braqueurs : La série;Français,Séries d'action et d'aventure,Thrillers TV;True;1
81175724;My Unorthodox Life;Téléréalité,Séries US,Style de vie;True;1
81177634;Lookism;Coréen,Séries pour ados,Séries d'animation japonaise,Anime dramatique,Animes sur l'école;True;2
81178338;La Maison;Satires,Drames,Films comiques,Films d'animation,Drames primés;True;1
81183492;Signé Satyajit Ray;Indien,Séries inspirées de livres,Thrillers TV,Séries en hindi;True;1
81186296;The Playlist;Musique,Séries dramatiques,Suédois,Séries inspirées de livres,Séries scandinaves;True;1
81189100;Les Filles du dernier rang;Espagnol,Séries comiques;True;1
81189912;Drive;Indien,Films en hindi,Films de Bollywood,Films d'action;True;1
81193105;Yuri Marçal: Ledo Engano;Brésilien,Stand-up;True;1
81193309;Itaewon Class;Séries dramatiques,Coréen,Dramas coréens inspirés de webtoons,Séries dramatiques sociales;True;2
81194682;Thiago Ventura: POKAS;Brésilien,Stand-up;True;1
81194685;Afonso Padilha: Alma de Pobre;Brésilien,Stand-up;True;1
81195027;Black Knight;Coréen,Séries SF,Séries d'action et d'aventure,Dramas coréens inspirés de webtoons;True;10
81203251;Yanxi Palace: Princess Adventures;Séries dramatiques,Films d'époque,Séries chinoises;True;2
81205849;Hotel Del Luna;Coréen,Séries comiques,Séries comiques romantiques,Séries fantastiques;False;2
81207826;Shiny_Flakes : Le petit baron du darknet;Allemand,Films documentaires,Documentaires biographiques,Documentaires inspirés de crimes réels;True;2
81210762;Young Royals;Séries dramatiques romantiques,Séries dramatiques,Suédois,Séries pour ados,Séries scandinaves;True;2
81211003;À l'aube de notre histoire;Séries documentaires,Docus société et culture,Séries US;True;1
81211266;Moment of Eighteen;Séries dramatiques romantiques,Séries dramatiques,Coréen,Séries pour ados;False;6
81211710;Bienvenidos a Edén;Espagnol,Séries SF;True;8
81212487;Girl in the Picture : Crime en abîme;Films documentaires,Films policiers,Films inspirés de livres,Documentaires inspirés de crimes réels;True;2
81213653;First Kill;Séries inspirées de livres,Séries pour ados,Séries US,Séries fantastiques;True;5
81214194;Mulligan;Séries politiques,Séries comiques,Séries US;True;1
81214289;Malang;Indien,Films en hindi,Films de Bollywood,Films policiers,Films romantiques;False;1
81214399;Pretty Guardian Sailor Moon Eternal : Le film;Anime d'action,Films jeunesse et famille,Japonais,Films d'animation,Films d'animation japonaise;True;1
81219804;Kings of Jo'Burg;Sud-africain,Thrillers TV,Séries fantastiques;True;5
81219817;La Vie en rock de Fito Paez;Séries dramatiques,Argentin,Séries inspirées de faits réels;True;2
81221380;Sweet Tooth;Séries d'action et d'aventure,Séries US,Séries fantastiques,Séries inspirées de B.D.;True;3
81222923;L'Impératrice;Séries dramatiques romantiques,Séries politiques,Séries dramatiques,Allemand,Films d'époque;True;12
81223075;Pokémon : Mewtwo contre-attaque – Évolution;Films pour la famille,Films jeunesse et famille,Japonais,Anime inspiré d'un jeu vidéo,Aventures en famille;True;1
81224775;Trial by Fire;Séries dramatiques,Séries judiciaires,Indien,Séries inspirées de livres,Séries en hindi;True;1
81227121;The Victims' Game;Taïwanais,Séries inspirées de livres,Séries d'intrigue,Séries policières,Thrillers TV;True;2
81228510;Dave Chappelle: The Closer;Stand-up;True;1
81228515;Trevor Noah: I Wish You Would;Stand-up;True;1
81228573;Komi cherche ses mots;Japonais,Séries d'animation japonaise,Animes sur l'école,Séries inspirées de mangas;True;2
81229406;Class;Indien,Séries pour ados,Thrillers TV,Séries en hindi;True;1
81230204;La Reine Cléopâtre;Séries dramatiques,Documentaires historiques,Séries documentaires,Docus société et culture,Docu-fictions;True;1
81231181;McGregor Forever;Séries documentaires,Séries US;True;2
81231974;Mercredi;Séries pour ados,Séries d'intrigue,Séries comiques,Séries US,Séries fantastiques;True;4
81233755;THE DAYS;Séries dramatiques,Japonais,Séries inspirées de faits réels;True;9
81235000;Fary : Hexagone;Français,Séries comiques,Stand-up;True;1
81236338;Baki Hanma;Anime d'action,Japonais,Séries d'animation japonaise,Anime sportifs,Séries inspirées de mangas;True;1
81237854;The Haunting of Bly Manor;Séries inspirées de livres,Séries d'intrigue,Séries US,Séries d'épouvante;True;1
81237994;All of Us Are Dead;Coréen,Séries pour ados,Dramas coréens inspirés de webtoons,Séries d'épouvante;True;7
81239555;Shaman King;Anime SF et fantastique,Japonais,Séries d'animation japonaise,Séries inspirées de mangas;True;2
81243961;Notre univers;Séries pour la famille à voir ensemble,Britannique,Documentaires nature et écologie,Émissions sciences et nature,Docus sciences et nature;True;1
81243992;It's Okay to Not Be Okay;Coréen,Séries comiques,Séries comiques romantiques;True;1
81243996;Hi Bye, Mama!;Coréen,Séries comiques;True;1
81245457;Bee et PuppyCat;Anime SF et fantastique,Séries pour ados,Séries d'animation japonaise,Séries US;True;2
81249469;L'empire Oktoberfest;Séries dramatiques,Allemand,Films d'époque;True;3
81252707;The Imperfects;Canadien,Séries SF,Séries d'action et d'aventure;True;2
81254340;L'Arnaqueur de Tinder;Britannique,Films documentaires,Documentaires inspirés de crimes réels;True;3
81256675;Hellbound;Coréen,Séries d'intrigue,Dramas coréens inspirés de webtoons,Thrillers TV,Séries d'épouvante;True;5
81258637;Half Bad : Mal & Fils;Britannique,Séries pour ados,Séries d'action et d'aventure,Séries fantastiques;True;1
81259476;Farzar;Séries SF,Séries comiques,Séries US;True;2
81260083;Meurtres sans ordonnance;Films policiers,Thrillers,Films inspirés de livres,Thrillers policiers,Films inspirés de faits réels;True;1
81260280;À l'ouest rien de nouveau;Allemand,Drames allemands,Films sur l'armée,Drames,Films inspirés de livres;True;2
81260283;The King: Eternal Monarch;Coréen,Séries fantastiques;True;2
81261170;En un battement;Colombien,Séries d'intrigue,Thrillers TV;True;6
81261630;Edens Zero;Anime SF et fantastique,Anime d'action,Japonais,Séries d'animation japonaise,Séries inspirées de mangas;True;1
81261669;La Voie du tablier;Japonais,Séries d'animation japonaise,Séries inspirées de mangas;True;1
81264650;Catching Killers;Séries policières,Séries documentaires,Séries US,Documentaires inspirés de crimes réels;True;3
81264882;Mystic Pop-up Bar;Coréen,Séries comiques,Dramas coréens inspirés de webtoons,Séries fantastiques;True;2
81267689;Les Héritiers de la terre;Séries dramatiques,Espagnol,Séries inspirées de livres,Films d'époque;True;2
81267743;Familiar Wife;Séries dramatiques romantiques,Séries dramatiques,Coréen;False;1
81270289;Bombay Rose;Indien,Films en hindi,Drames,Films romantiques,Films inspirés de livres;False;1
81271335;Chapardeur !;Satires,Films comiques,Films d'animation;True;1
81273085;Les chansons de Cocomelon;Pour enfants,Grandir en musique,Éducatif jeunesse,Dessins animés;True;2
81275215;Love in the Villa;Comédies romantiques,Films comiques,Films romantiques;True;1
81275353;Kotaro en solo;Japonais,Séries d'animation japonaise,Anime dramatique,Séries inspirées de mangas;True;1
81275686;Nouvelle École;Musique,Français,Téléréalité avec concours,Culture Hip-hop,Téléréalité;True;3
81277858;Capitani;Séries dramatiques,Luxembourgeois,Séries policières;True;1
81277950;Enola Holmes;Films pour la famille,Drames pour la famille,Aventures en famille,Drames,Intrigues;True;1
81279108;The Tale of Nokdu;Coréen,Séries comiques,Films d'époque,Séries comiques romantiques,Dramas coréens inspirés de webtoons;False;1
81279312;The Witcher : L'héritage du sang;Séries inspirées de livres,Séries d'action et d'aventure,Séries US,Séries fantastiques;True;4
81279324;Sniper: Assassin's End;Films d'action;False;1
81280035;Luther : Soleil déchu;Films policiers,Intrigues,Policiers d'action,Films d'action;True;2
81281579;Valkyrie Apocalypse;Anime SF et fantastique,Anime d'action,Japonais,Séries d'animation japonaise,Séries inspirées de mangas;True;1
81281582;Bastard‼ Heavy Metal, Dark Fantasy;Anime SF et fantastique,Japonais,Séries d'animation japonaise,Séries inspirées de mangas;True;1
81281872;Loin de moi, près de toi;Anime SF et fantastique,Films pour la famille,Films jeunesse et famille,Japonais,Drames pour la famille;True;1
81282563;Far From Home;Séries dramatiques,Nollywood;True;1
81283608;42 jours d'obscurité;Séries dramatiques,Chilien,Séries inspirées de livres,Séries d'intrigue,Séries policières;True;1
81286017;La nuit sera longue;Espagnol,Séries d'action et d'aventure,Thrillers TV;True;2
81287562;DAHMER;Séries US,Séries d'épouvante,Séries inspirées de faits réels;True;5
81288561;Victimes/Suspectes;Films documentaires,Documentaires inspirés de crimes réels;True;4
81288983;La Diplomate;Séries politiques,Séries US,Thrillers TV;True;1
81289483;Bo Burnham: Inside;Stand-up;True;1
81289581;Ne t'éloigne pas;Britannique,Séries inspirées de livres,Séries d'intrigue,Séries policières,Thrillers TV;True;1
81290301;Record of Youth;Séries dramatiques romantiques,Séries dramatiques,Coréen;True;1
81290872;Khakee : Chronique d'un flic du Bihar;Indien,Séries policières,Thrillers TV,Séries en hindi,Séries inspirées de faits réels;True;2
81294345;La Convocation;Nollywood,Drames,Drames sociaux,Films africains;True;1
81295011;Maniac par Junji Ito : Anthologie macabre;Japonais,Séries d'animation japonaise,Anime d'horreur,Séries d'épouvante,Séries inspirées de mangas;True;2
81297404;Bad Exorcist;Polonais,Séries comiques;True;1
81300126;Òlòtūré;Nollywood,Drames,Films africains;True;1
81301191;Toothpari : L'amour à pleines dents;Indien,Séries comiques,Séries comiques romantiques,Séries en hindi,Séries fantastiques;True;1
81302258;To the Lake;Russe,Séries SF,Séries inspirées de livres,Thrillers TV;True;2
81304528;À découper suivant les pointillés;Italien,Séries comiques,Séries inspirées de B.D.;True;1
81304948;Faux profil;Colombien,Thrillers TV;True;2
81305487;De haut vol;Indien,Films en hindi,Thrillers;True;1
81305674;Notre-Dame, la part du feu;Français,Séries dramatiques,Séries inspirées de livres,Séries inspirées de faits réels;True;2
81305964;Le Sauvetage de l'impossible;Séries dramatiques,Séries pour la famille à voir ensemble,Séries pour ados,Séries US,Séries inspirées de faits réels;True;2
81307103;Fanfiction;Polonais,Films LGBTQ+,Drames,Films inspirés de livres,Films pour ados;True;2
81307163;MH370 : L'avion disparu;Britannique,Séries documentaires;True;1
81311783;L'Empire des chimpanzés;Séries pour la famille à voir ensemble,Britannique,Documentaires nature et écologie,Émissions sciences et nature,Docus sciences et nature;True;1
81312457;Kingdom: Ashin of the North;Coréen,Films d'horreur,Thrillers,Films d'époque,Dramas coréens inspirés de webtoons;True;2
81312536;Jusqu'ici tout va bien;Français,Thrillers TV;True;2
81312802;Juvenile Justice;Séries dramatiques,Séries judiciaires,Coréen;True;3
81312828;ATHENA;Français,Drames sociaux,Films d'action;True;2
81313519;L'Affaire Fourniret : Dans la tête de Monique Olivier;Français,Séries documentaires,Documentaires inspirés de crimes réels;True;2
81313522;Angèle;Musique,Français,Films documentaires,Films LGBTQ+,Documentaires biographiques;True;1
81314938;Queen;Séries dramatiques,Polonais;True;1
81317673;Arnold;Séries politiques,Documentaires politiques,Documentaires biographiques,Séries documentaires,Séries US;True;2
81318842;Blue Period;Japonais,Séries pour ados,Séries d'animation japonaise,Anime dramatique,Animes sur l'école;True;1
81318888;Romantic Killer;Japonais,Anime romantique,Séries pour ados,Séries d'animation japonaise,Anime dramatique;True;1
81318943;Dans la peau de nos animaux;Séries pour la famille à voir ensemble,Britannique,Émissions sciences et nature,Docus sciences et nature,Séries documentaires;True;2
81323551;Demon Catchers;Coréen,Séries d'action et d'aventure,Dramas coréens inspirés de webtoons,Thrillers TV,Séries fantastiques;True;7
81324724;XO, Kitty;Séries inspirées de livres,Séries pour ados,Séries comiques,Séries comiques romantiques,Séries US;True;5
81325689;Fear Street - Partie 1 : 1994;Films LGBTQ+,Films d'horreur,Films pour ados;True;1
81330077;L'Improbable Assassin d'Olof Palme;Séries dramatiques,Suédois,Séries inspirées de livres,Séries policières,Séries scandinaves;True;1
81335264;Sans un mot;Polonais,Séries inspirées de livres,Séries d'intrigue,Séries policières,Thrillers TV;True;1
81337079;Anne+ : Le film;Néerlandais,Films LGBTQ+,Drames;True;1
81343300;Wanda Sykes: I'm an Entertainer;Stand-up;True;2
81343748;Narco-Saints;Coréen,Séries d'action et d'aventure,Thrillers TV;True;4
81343825;DEAW 13 Thai Stand Up Comedy;Thaïlandais,Stand-up;True;2
81343862;Doctor John;Séries médicales,Séries dramatiques,Coréen,Séries inspirées de livres,Séries dramatiques sociales;False;1
81345945;Bubble;Anime SF et fantastique,Films SF,Japonais,Anime romantique,Films romantiques;True;1
81346818;The Devil Punisher;Taïwanais,Séries d'intrigue,Séries chinoises,Séries fantastiques;True;2
81350429;I Care a Lot;Satires,Films LGBTQ+,Films comiques,Thrillers;True;1
81351466;Banyuki;Japonais,Films inspirés de livres,Films d'époque,Films d'action;False;1
81354529;La Cuisinière de Castamar;Séries dramatiques romantiques,Séries politiques,Séries dramatiques,Espagnol,Séries inspirées de livres;True;5
81354739;A Love So Beautiful (Korean);Coréen,Séries inspirées de livres,Séries pour ados,Séries comiques,Séries comiques romantiques;True;4
81354934;Shahmeran;Turc,Séries fantastiques;True;5
81354972;La primera vez;Séries dramatiques romantiques,Séries dramatiques,Colombien,Séries pour ados;True;2
81362817;Vir Das: Outside In - The Lockdown Special;Indien,Stand-up;True;1
81364944;The Daily Life of the Immortal King;Anime SF et fantastique,Anime d'action,Animes inspirés de light novels,Séries pour ados,Séries d'animation japonaise;False;2
81365087;Vincenzo;Coréen,Séries comiques;True;5
81380432;Le Chemin de l'olivier;Séries dramatiques romantiques,Séries dramatiques,Turc;True;3
81380440;Whindersson Nunes: É de Mim Mesmo;Brésilien,Stand-up;True;1
81380441;The Watcher;Séries d'intrigue,Séries US,Thrillers TV,Séries inspirées de faits réels;True;4
81380540;Celle que vous croyez connaître : Anna Nicole Smith;Films documentaires,Documentaires biographiques;True;1
81382068;Rien qu'une mère;Suédois,Drames,Films inspirés de livres,Films d'époque,Drames sociaux;False;1
81382085;Après la rosée, la pluie;Suédois,Drames,Films romantiques,Films inspirés de livres,Films d'époque;False;1
81382119;Julie;Suédois,Films inspirés d'une pièce de théâtre,Drames,Films romantiques,Films d'époque;False;2
81382193;Les Gens du Värmland;Suédois,Films inspirés d'une pièce de théâtre,Drames,Films romantiques,Films d'époque;False;2
81382202;Le Pèlerinage à Kevlaar;Suédois,Drames,Films d'époque;False;1
81383121;Famille en jeu;Séries dramatiques romantiques,Séries dramatiques,Polonais;True;2
81385072;La Loi de la jungle;Mexicain,Téléréalité avec concours,Téléréalité,Séries d'action et d'aventure;True;1
81386962;Kapil Sharma: I'm Not Done Yet;Indien,Stand-up;True;1
81388316;Interceptor;Australien,Films sur l'armée,Films d'action;True;1
81392197;Aníkúlápó;Nollywood,Drames,Films d'époque,Films africains;True;2
81394495;She Would Never Know;Séries dramatiques romantiques,Séries dramatiques,Coréen;False;1
81394937;La Disparue de Lørenskog;Séries dramatiques,Norvégien,Séries policières,Séries scandinaves,Séries inspirées de faits réels;True;2
81396545;The Recruit;Séries d'action et d'aventure,Séries US,Thrillers TV;True;2
81396979;Apocalypse à Waco : Une secte assiégée;Documentaires historiques,Séries documentaires,Séries US,Documentaires inspirés de crimes réels;True;1
81397077;FUBAR;Séries comiques,Séries d'action et d'aventure,Séries US;True;4
81397545;Really Love;Drames,Films indépendants,Films romantiques;False;1
81397558;Sisyphus;Coréen,Séries SF,Séries d'action et d'aventure,Thrillers TV;True;2
81399639;Carter;Coréen,Films d'action;True;1
81403816;Élite : Histoires courtes - Nadia Guzmán;Séries dramatiques romantiques,Séries dramatiques,Espagnol,Séries pour ados;True;1
81403973;Mine;Séries dramatiques,Coréen;True;1
81404896;Alice;Coréen,Séries SF,Séries d'intrigue,Thrillers TV;False;1
81406219;Enola Holmes 2;Films pour la famille,Drames pour la famille,Aventures en famille,Drames,Intrigues;True;1
81409069;Boerenpsalm;Belge,Drames,Films inspirés de livres,Films d'époque;False;1
81409121;Cycle;Hongrois,Films SF,Films indépendants,Films d'animation;False;1
81409869;Monster;Séries médicales,Japonais,Animation d'intrigue et thriller,Séries d'animation japonaise,Anime dramatique;False;2
81410558;Haroun;Français,Stand-up;True;1
81411197;Angeli Senza Paradiso;Musique,Italien,Drames,Films romantiques,Films d'époque;False;1
81411199;Les Gouapes;Italien,Drames,Films d'époque;False;1
81412248;Raangi;Indien,Films d'action,Films en tamoul;False;1
81414644;Lidia fait sa loi;Séries dramatiques,Italien,Séries d'intrigue,Films d'époque,Séries policières;True;3
81418302;New Gods: Nezha Reborn;Anime SF et fantastique,Anime d'action,Animation japonaise inspirée de livres,Films inspirés de livres,Films d'animation;True;3
81422413;L'École de gym : Une seconde chance;Pour enfants,Séries pour la famille à voir ensemble,Australien;True;1
81423622;Moi, Georgina;Espagnol,Téléréalité,Style de vie;True;2
81424365;The Knight and the Princess;Égyptien,Films du Moyen-Orient,Films d'animation,Comédies musicales;False;1
81424708;Sans répit;Français,Films policiers,Policiers d'action,Films d'action;True;1
81426931;The Wonder;Drames,Films indépendants,Intrigues,Films inspirés de livres,Films d'époque;True;3
81427455;Wild Dog;Indien,Films d'action,Films en télougou;False;1
81428316;Une vérité en marche : L'affaire Alex Schwazer;Séries judiciaires,Italien,Documentaires biographiques,Séries policières,Séries documentaires;True;1
81430282;The King's Affection;Séries dramatiques romantiques,Séries dramatiques,Coréen,Films d'époque,Séries inspirées de B.D.;True;12
81435203;Sur l'autel de la famille;Séries dramatiques,Espagnol;True;1
81435227;Un papa hors pair;Drames,Films inspirés de livres,Films inspirés de faits réels;True;1
81435649;Nevertheless,;Séries dramatiques romantiques,Séries dramatiques,Coréen,Dramas coréens inspirés de webtoons;True;3
81435684;Arcane;Séries d'action et d'aventure,Séries US,Séries fantastiques;True;4
81437302;Le Secret de la famille Greco;Séries dramatiques,Mexicain,Séries inspirées de faits réels;False;1
81437733;Beyond Evil;Coréen,Séries policières,Thrillers TV;False;2
81438166;Chaque fois qu'on s'est aimés;Séries dramatiques romantiques,Séries dramatiques,Espagnol;True;4
81438813;Masameer County;Séries du Moyen-Orient,Saoudien,Séries comiques;True;1
81439256;Harry & Meghan;Documentaires biographiques,Séries documentaires,Docus société et culture,Séries US;True;3
81439780;Sirènes de métier;Séries documentaires,Séries US;True;1
81442115;Remarriage & Desires;Séries dramatiques,Coréen;True;1
81443455;Rodrigo Marques: O Inimigo do Nível;Brésilien,Stand-up;True;1
81443461;Bruna Louise: Demolição;Brésilien,Stand-up;True;1
81443738;Lay Lay dans la place;Pour enfants,Sitcoms,Séries comiques;True;1
81444818;The Pale Blue Eye;Films policiers,Thrillers,Intrigues,Films inspirés de livres,Thrillers policiers;True;1
81445999;Smiley;Espagnol,Séries comiques,Séries comiques romantiques;True;1
81446625;Demain, nous irons au cinéma;Polonais,Films sur l'armée,Drames,Films romantiques,Films d'époque;False;2
81447461;Acharnés;Séries comiques,Séries US;True;2
81450005;Adam by Eve: A Live in Animation;Musique,Japonais,Films d'animation,Anime dramatique,Films d'animation japonaise;True;3
81450071;Amina;Nollywood,Films d'époque,Films inspirés de faits réels,Films africains,Films d'action;False;4
81450827;The Night Agent;Séries politiques,Séries inspirées de livres,Séries d'intrigue,Séries d'action et d'aventure,Séries US;True;4
81453268;One Night in Paris;Français,Stand-up;True;1
81457341;Bill Burr: Live at Red Rocks;Stand-up;True;1
81458368;Il mio nome è Vendetta;Italien,Films d'action;True;1
81459931;Qui ment ?;Séries dramatiques,Séries inspirées de livres,Séries pour ados,Séries d'intrigue,Séries US;True;5
81460361;The Last Kingdom : Sept rois doivent mourir;Britannique,Films inspirés de livres,Films d'époque,Films d'action;True;5
81463556;Love to Hate You;Coréen,Séries comiques,Séries comiques romantiques;True;1
81465196;La Débutante de la ruelle;Coréen,Séries comiques,Séries comiques romantiques,Dramas coréens inspirés de webtoons;False;1
81466159;Madoff : Le monstre de la finance;Séries inspirées de livres,Séries documentaires,Séries US,Documentaires inspirés de crimes réels;True;1
81467328;Kev Adams : Le vrai moi;Français,Stand-up;True;1
81470399;Panayotis Pascot : Presque;Français,Stand-up;True;1
81472752;20th Century Girl;Coréen,Drames,Films romantiques,Films pour ados;True;3
81473219;Reflection of You;Séries dramatiques,Coréen,Séries inspirées de livres;True;1
81473355;The Nurse;Séries médicales,Danois,Séries inspirées de livres,Séries policières,Séries scandinaves;True;5
81476183;La Reine Charlotte : Un chapitre Bridgerton;Séries dramatiques romantiques,Séries dramatiques,Films d'époque,Séries US;True;10
81476441;L'Amant de Lady Chatterley;Drames,Films romantiques,Films inspirés de livres,Films d'époque,Drames sociaux;True;2
81477952;Light the Night;Taïwanais,Séries d'intrigue,Séries policières,Thrillers TV,Séries chinoises;True;1
81478080;Entrevías;Séries dramatiques,Espagnol;True;5
81478642;Obsession;Britannique,Séries inspirées de livres,Thrillers TV;True;1
81478985;Kill Bok-soon;Coréen,Films d'action;True;3
81481477;Barracuda Queens;Séries dramatiques,Suédois,Séries scandinaves;True;2
81481539;Les Patients du docteur García;Séries politiques,Espagnol,Séries inspirées de livres,Thrillers TV;False;2
81482494;Encounter;Séries dramatiques romantiques,Séries dramatiques,Coréen;False;1
81483306;Tin & Tina;Espagnol,Films d'horreur,Thrillers;True;1
81483353;Full Swing;Séries documentaires,Séries US;True;1
81483462;Bulgasal: Immortal Souls;Coréen,Thrillers TV,Séries fantastiques;True;4
81483827;Sawako : Kimi ni Todoke;Séries dramatiques romantiques,Séries dramatiques,Japonais,Séries pour ados,Séries inspirées de mangas;True;5
81486213;La Chair de sa chair;Polonais,Films d'action;True;2
81486374;Inspector Koo;Coréen,Séries comiques,Séries policières,Thrillers TV;True;1
81493078;Au nom de Dieu : Les bourreaux de la foi;Coréen,Séries documentaires,Documentaires inspirés de crimes réels;True;1
81494917;Tríada;Mexicain,Séries d'intrigue,Thrillers TV;True;1
81495803;El silencio;Espagnol,Séries d'intrigue,Thrillers TV;True;1
81498294;#Philo : Sapere aude;Séries dramatiques,Espagnol,Séries pour ados;True;1
81498384;Blood, Sex & Royalty;Séries dramatiques,Britannique,Documentaires historiques,Films d'époque,Documentaires biographiques;True;1
81499847;Coma héroïque dans un autre monde;Anime SF et fantastique,Japonais,Séries d'animation japonaise,Séries inspirées de mangas;True;1
81500002;Rain or Shine;Séries dramatiques romantiques,Séries dramatiques,Coréen;False;1
81500204;The Alpinist;Films documentaires;False;1
81502688;Youth of May;Séries dramatiques romantiques,Séries politiques,Séries dramatiques,Coréen,Séries inspirées de livres;False;1
81503026;Queenmaker;Séries politiques,Séries dramatiques,Coréen;True;3
81503460;Tomorrow;Coréen,Dramas coréens inspirés de webtoons,Séries fantastiques;True;2
81504698;Green Snake;Films d'animation,Films chinois,Films d'action;True;1
81509213;Balle perdue 2;Français,Films policiers,Policiers d'action,Films d'action;True;1
81509440;Business Proposal;Coréen,Séries comiques,Séries comiques romantiques;True;4
81512109;Le Masque;Films documentaires,Documentaires inspirés de crimes réels;True;2
81514149;An Action Hero;Indien,Films en hindi,Films de Bollywood,Films comiques,Films d'action;False;1
81517168;Twenty Five Twenty One;Séries dramatiques romantiques,Séries dramatiques,Coréen;True;5
81517188;Alchemy of Souls;Coréen,Séries comiques,Films d'époque,Séries comiques romantiques,Séries fantastiques;True;11
81517566;Kabuki : Akadô Suzunosuke;Japonais,Drames,Films d'époque;False;1
81518991;Extraordinary Attorney Woo;Séries dramatiques,Séries judiciaires,Coréen,Séries dramatiques sociales;True;5
81519223;The Glory;Séries dramatiques,Coréen;True;7
81519233;Fenómenas;Espagnol,Films d'horreur,Films inspirés de faits réels;True;1
81519789;Le Sang des Murdaugh : Scandale en Caroline du Sud;Séries documentaires,Séries US,Documentaires inspirés de crimes réels;True;2
81551869;The Cursed;Coréen,Séries d'intrigue,Thrillers TV,Séries d'épouvante;False;2
81568357;Les Justicières : Rebel Cheer Squad;Séries dramatiques,Séries pour la famille à voir ensemble,Britannique,Séries pour ados,Séries d'intrigue;True;1
81568400;Thirty-Nine;Séries dramatiques romantiques,Séries dramatiques,Coréen;True;1
81568842;Our Blues;Séries dramatiques,Coréen;True;1
81569920;Break Point;Séries documentaires,Séries US;True;1
81570254;Furioza;Polonais,Films d'action;True;1
81572801;Green Mothers' Club;Séries dramatiques,Coréen;True;1
81576597;AKA;Français,Films policiers,Policiers d'action,Films d'action;True;3
81577427;Mat Kilau;Malaisien,Films sur l'armée,Films d'époque,Drames sociaux,Films d'action;False;2
81580045;A Beautiful Life;Musique,Danois,Drames,Films romantiques;True;2
81580505;Franco Escamilla: Voyerista auditivo;Mexicain,Stand-up;True;1
81580822;Attentat de Boston : Le marathon et la traque;Documentaires historiques,Séries policières,Séries documentaires,Séries US,Documentaires inspirés de crimes réels;True;2
81582615;Medieval;Tchèque,Films sur l'armée,Films d'époque,Films inspirés de faits réels,Films d'action;False;1
81587446;100 % physique !;Coréen,Téléréalité avec concours,Téléréalité;True;4
81590491;Le Tailleur;Séries dramatiques,Turc;True;2
81598434;Hannah Gadsby: Something Special;Australien,Stand-up;True;2
81598495;Ultimatum : Queer Love;Téléréalité,Séries US;True;4
81599820;Whindersson Nunes: Isso não é um culto;Brésilien,Stand-up;True;2
81605060;Pokémon : Les chroniques d'Arceus;Films jeunesse et famille,Japonais,Anime inspiré d'un jeu vidéo,Films d'animation,Films d'animation japonaise;True;1
81610893;Under the Queen's Umbrella;Séries dramatiques,Coréen,Films d'époque;True;6
81610895;Little Women;Séries dramatiques,Coréen,Séries d'intrigue;True;1
81611740;The Interest of Love;Séries dramatiques romantiques,Séries dramatiques,Coréen,Séries inspirées de livres;True;1
81614239;Celeste Barber: Fine, thanks;Australien,Stand-up;True;1
81619082;John Mulaney: Baby J;Stand-up;True;1
81628816;Mae Martin: SAP;Canadien,Stand-up;True;1
81629989;Vir Das: Landing;Indien,Stand-up;True;1
81631016;Sirène : L'île aux survivantes;Coréen,Téléréalité avec concours,Téléréalité;True;4
81633804;Mission Majnu;Indien,Films en hindi,Films de Bollywood,Films sur l'armée,Films d'espionnage;True;1
81640195;Best of Stand-Up 2022;Stand-up;True;1
81641996;The Pez Outlaw;Films documentaires;False;1
81644787;Le Blues du maestro;Séries dramatiques romantiques,Séries dramatiques,Grec,Séries d'intrigue,Séries policières;True;1
81649877;L'Amour au rattrapage;Coréen,Séries comiques,Séries comiques romantiques;True;2
81666082;The Unusual Suspects;Australien,Séries comiques;False;1
81669775;Une mauvaise mère ?;Coréen,Séries comiques;True;7
81671939;Les Liens sacrés du divorce;Séries dramatiques,Séries judiciaires,Coréen,Dramas coréens inspirés de webtoons;True;3
81682438;Doctor Cha;Séries médicales,Séries dramatiques,Coréen;True;7
81683746;Rattrapés par la réalité !;Séries dramatiques romantiques,Séries dramatiques,Coréen;False;2
